,Descripci√≥n,A√±o,Mes,retroalimentacion
0,Hermoso lugar transporta tiempo Atenci√≥n formidable vista preciosa habitaciones confortables Limpieza sanitizaci√≥n encanta,2021,3,1
1,excelente personal siempre sonrisa buen trato clientes panor√°mica habitaciones excelente siempre eventos realizarse Z√≥calo capitalismo su‚Ä¶,2021,3,1
2,atentos educados decepcion√≥ comida comido mole negro rico fonditas,2021,3,0
3,Tal vez excelente ubicaci√≥n hace dejen poner atenci√≥n limpieza comodidad habitaciones si estancia temporada calor toca habitaci√≥n vista hacia adentro prep√°rate recibir ventilador viej√≠simo solamente ü§∑üèª‚Äç‚ôÇÔ∏è,2021,3,0
4,Vista fant√°stica Z√≥calo Catedral Comida servicio menos,2021,4,0
5,vista grata buen sabor alimentos trato amable,2021,3,1
6,buena atencion,2021,3,1
7,personal atento amable aire acondicionado habitaciones batallamos obtener servicio cuarto tarda salir agua caliente habitaciones solo silla elevador necesita modernizarse restaurante buena vista hace falta variedad men√∫,2020,10,0
8,gust√≥ platillo nombre molcajete pechuga s√∫per dura servicio atenci√≥n personal entrada excelente personal doy estrellas carne s√© pueden mejorar quiero regresar üòÅ,2021,3,1
9,Excelente lugar excelente atenci√≥n,2021,4,1
10,Hermoso lugar bella histiria,2021,4,1
11,Excelente ubicaci√≥n limpio alimentos ricos,2021,3,1
12,Visitamos terraza vista incre√≠ble buen protocolo contingencia comida dej√≥ desear poca disponibilidad platillos mala relaci√≥n calidadprecio Sabor com√∫n,2020,10,0
13,rico buffet platos chicos exageran tama√±o cambian huevos rancheros,2020,4,1
14,bullicio calle Madero pierde completamente realmente hermoso instalaciones amplias limpias buffet variado sustancioso Encuentras lugares emblem√°ticos tiendas departamentales As√≠ gran variedad restaurantes bares,2020,4,1
15,dieron desayuno mala se√±al tv mala se√±al Internet mala atenci√≥n talvez compro medio expedia,2021,1,0
16,Maravilloso bonito tranquilo vista z√≥calo espectacular igual catedral atenci√≥n recibida personal maravillosa,2020,4,1
17,buena atenci√≥n costos accesibles comida rica vista z√≥calo excelente encanto estad√≠a,2020,10,1
18,hospedarte aqu√≠ mejores vistas ciudad M√©xico frente hermoso Palacio Nacional imponente z√≥calo Catedral Si vienes plan conocer ciudad sitio indicado igual si tu‚Ä¶,2019,4,1
19,Excelente vista excelente servicio üòÅ,2021,3,1
20,Simplemente excelente trato servicio comodidad,2021,3,1
21,Excelente restaurante terraza ubicaci√≥n frente Z√≥calo,2021,2,1
22,Mui mal actitud servicio ser botones tendriamos toallas limpias,2020,12,0
23,Excelente experiencia hospedaje personal atento felicitaciones,2020,12,1
24,¬°La vista hacia z√≥calo catedral excelentes Aunque solo restaurante terraza servicio bueno calidad alimentos aceptable solo momento m√∫sica Bunburysi volveria ir aunque llegu√© buscando restaurante vale pena visitarlo,2020,4,1
25,ubicaci√≥n excelente centro hist√≥rico Ciudad M√©xico vista Z√≥calo edifico hist√≥rico infraestructura antigua √©pocas calor puede ser inconveniente ausencia aire‚Ä¶,2020,4,1
26,Acudi cenar terraza pues comida buena excelente Precios regulares vista preciosa agradable ambiente deja desear servicio casi min mesero mesa recibirnos recomiendo chocolate oaxaque√±o rico frio,2019,4,1
27,buena vista,2021,1,1
28,estacionamiento huespedes si carro rentado problema vista bonita restaurante piso zocalo comida buena excelente personal amable,2019,4,0
29,Excelente servicio adem√°s plus restaurante terraza bar campanario Ubicaci√≥n inmejorable pleno Centro Hist√≥rico,2017,4,1
30,Excelente servicio limpieza Ubicaci√≥n primera,2020,11,1
31,lugar ubicado enfrente zocalo palacio nacionalla vista impresionantemuy patrioticason amables ubicacion privilegiadaa unas calles Torre latinoamericanapalacio bellas artes contraesquina‚Ä¶,2019,4,1
32,Buen lugar comer ver centro hist√≥rico eventos vista incre√≠ble Precio restaurante xP buffer incluye bebidas,2017,4,0
33,Excelente ubicaci√≥n Hist√≥rico lugar c√≥modo,2019,4,1
34,Excelente servicio,2020,11,1
35,personal seguridad entrada realmente amable agradable ver personas recepci√≥n prestan atenci√≥n buen trato menos conmigo familia noEl checkin pm ten√≠an‚Ä¶,2020,4,0
36,Majestic Arquitectura colonial Confortables habitaciones Buena comida Vista grandiosa Zocalo capitalino,2017,4,1
37,limpiaron cuarto serv√≠a tel√©fono agua caliente sali√≥ regadera tapada,2020,12,0
38,comida mejor importa vista terraza √∫nica,2019,4,1
39,pagas vista cercan√≠a Z√≥calo descuidado servicio bueno Reserva desayuno b√∫fer incluidovale pena si s√≥lo quieres llegar descansar cerca zona centro lugar indicado,2019,4,1
40,Hermoso localidad perfecta meseros toda gente servicio amables buena gente,2020,4,1
41,Mal servicio proveedores tardan bastante recibir pagos muchas veces tardan,2020,12,0
42,mal servicio aspecto nunca vuelvo ir,2021,1,0
43,Costobeneficio excelente ubicado calle Madero magn√≠fica vista Z√≥calo toc√≥ habitaci√≥n desayuno buffet inclu√≠do s√∫per cerca gran vista habitaciones restaurante bueno gran‚Ä¶,2018,4,1
44,Gran Lugar Excelente Ubicaci√≥n Comida Rica,2020,6,1
45,terraza espectacular buffet buen precio actualmente tarde cuesta pp bebidas vale cada peso encanta tradici√≥n calidad solo lugar,2020,4,1
46,d√≥nde personal restaurante discrimina turismo nacional aunado hecho habitaci√≥n cucarachas estavionamiento puertas cerrarlas golpes fin viejo Sido remodelado a√±os adem√°s cargar maletas mismo,2020,7,0
47,encantador rom√°ntico lugar sitio mucha historia verdad mejores esencia mejor ciudad M√©xico mejor enfrente palacio gobierno,2019,4,1
48,bonito vista espectacular recomendado buena comida restaurant,2019,4,1
49,Linda habitaci√≥n limpia cama c√≥moda antigua tv obedec√≠a control remoto botones tv canales obsoletos ba√±o tina peligrosa llaves regadera dif√≠ciles de‚Ä¶,2020,4,1
50,Simplemente excelente,2020,4,1
51,Excelente bonito bien ubicado buen servicio mejor comida,2020,4,1
52,recomendable restaurante aunque costoso buen servicio sobretodo vista terraza hacia z√≥calo mejor,2020,4,1
53,Excelente ubicaci√≥n frente Zocalo buen servicio limpieza,2020,4,1
54,gust√≥ ubicaci√≥n as√≠ atenci√≥n buena higiene habitaciones confortables recomendable,2020,4,1
55,Espl√©ndida localizaci√≥n amenidades habitaci√≥n s√∫per deleitable restaurante Terraza permite Magn√≠fica vista z√≥calo adem√°s brindar bufete desayuno completo apetitoso caso‚Ä¶,2020,4,1
56,doy estrella solo positivo ubicaci√≥n viejo mala atenci√≥n elevador antig√ºo ocasiones tardan much√≠simo atender noches nunca dejaron jab√≥n recogieron toallas‚Ä¶,2020,4,0
57,Buen buen Buffet desayuno excelente zona,2019,4,1
58,S√≥lo restaurante terraza vista espl√©ndida debido ubicaci√≥n realza restaurante comida buena excelente postres dejan desear Podr√≠an ofrecer m√°s‚Ä¶,2020,4,1
59,experiencia terrible descansar imposible camas super inc√≥modas duras techo lleno humedad pintura reventada caus√≥ alergia tremenda tina ba√±o llena manchas pintura rota lo‚Ä¶,2020,4,0
60,Elevador manual demas acorde precioNo queja alguna mas bien senti agradado lugar tan cerca desea caminar lugares inseguros,2020,4,1
61,Buen servicio desafortunadamente llegar habitaciones listas embargo tomaron cuidado equipaje terminaba alistar habitaciones aire acondicionado necesitan‚Ä¶,2020,4,1
62,ESTABLECIMIENTO BIEN EXCELENTE CAMAS HABITACI√ìNLA ATENCI√ìN PARTE PERSONAL RECEPCION DIA LLEGAMOS MAL ENCARADO GROSERO CIERTO PUNTO,2020,4,1
63,edificio antiguo centro restaurant bueno servicio lleva palmas habitacion toco si aire ventana deberia considerar cambiar tipo habitaciones Personal general atento cordial,2019,4,1
64,Llegue pm errores personal reservo traspapelo reservacion entregaron cuarto pm pintando compresor habitaciones anexas apestado pintura posible formal,2020,4,0
65,Vista Restaurante,2020,4,1
66,bueno,2020,6,1
67,Excelente atenci√≥n inmejorable vista Excelente ubicaci√≥n gusto,2020,4,1
68,gust√≥ antiguo mantengan estilo atm√≥sfera c√≥modo cerca pleno centro hist√≥rico sugerencia incluir opciones veganas men√∫,2020,4,1
69,lugar hermosa vista disfrutar copa,2020,6,1
70,hablando solo restaurante ‚Äúterraza majestic‚Äù desayuno buffet precio econ√≥mico plus ofrece vista plancha z√≥calo,2020,4,1
71,super c√©ntrico cerca Excelente servicio personal genial,2020,4,1
72,gusto estilo diferente resto buen servicio buenas instalaciones aparte ubicaci√≥n perfecta situado cerca varios puntos tur√≠sticos Ciudad M√©xico recomiendo,2020,4,1
73,Excelente,2020,12,1
74,bien precio supongo q ubicaci√≥n q excelente pleno z√≥calo embargo esperes lujos bastante b√°sico wifi malo restaurante solo decente,2020,4,0
75,Gran coraz√≥n palpitante latir azteca,2020,4,1
76,confortable,2020,4,1
77,ubicacion calle Madero frente Zocalo atenta camarista,2020,4,0
78,Desagradable dio recepcionista Bell boy habitaci√≥n quiso reserve segundo d√≠a agua caliente c√≥mo once d√≠a √∫nico bueno refirindome personal los‚Ä¶,2020,4,0
79,Exelente vista plaza principal,2020,8,1
80,cuenta estacionamiento propio convenio alguno cercano pague diario pesos noche quede dias ruidoso agua caliente ocasiones dieron habitaci√≥n ‚Äúdoble‚Äù camas individuales √∫nico rescatable restaurant vista Zocalo,2020,4,0
81,buena vista buen servicio cantina,2020,4,1
82,Viajo aleedesor veces mes hace a√±os negocios vacaciones esel peor mehe hospedado aire acondicionado abanico muchoruidotodo eldia lanoche duelade cada cuartohace‚Ä¶,2020,4,0
83,lugar limpio buen rato escuchaba tocaban puerta golpe√≥ nunca supe veniala pantalla peque√±a tenia wireless intenci√≥n descansar ver pel√≠culas contactos y‚Ä¶,2019,4,1
84,terraza vista agradable Puedes ves toda plaza z√≥calo eventos mejor lugar visitar,2020,4,1
85,Excelente Creo falta decir lujo problemas agua nadie puede ba√±ar chorro agua tina siquiera cumpl√≠a funci√≥n unas vistas impresionantes zocalo catedral M√©xico,2020,4,1
86,recomiendo Vale pena Best Western,2020,4,1
87,Excelente atenci√≥n buena,2020,4,1
88,colchon cama sucio persona encarga mantenimiento necesita ver resortes saltados incomodo dieron toallas tomar banono servia tel√©fonocuando pedi toallas llevaron cuando‚Ä¶,2020,4,0
89,variedad platillos ofrecen fin semana bufete desayunos terraza perdido variedad rescatable panesillos dulces caf√© obstante si antoja alg√∫n ingrediente se‚Ä¶,2018,4,0
90,clasico clasico buenos malos BIEN UBICADO MADERO esquina Zocalo hace mismo via peatonal hara jalar maletas entrada salida metros‚Ä¶,2020,4,0
91,vista espectacular cena deja desear buffet bueno caro pagas,2018,4,0
92,lugar ve descuidado buffet variado costo uso terraza excesivo fin importante disfrutar momento,2020,4,0
93,C√©ntrico agradable anta√±o restaurant planta alta,2020,4,1
94,Excelente recepci√≥n excelente servicio excelente cuarto vista maravillosa desayuno buffet sabroso si visitan Ciudad M√©xico puedo recomendar ampliamente experiencia completa,2018,4,1
95,lugar historico,2020,4,1
96,Hola viajo muchas veces a≈ào primera vez mexico quiero destacar profesionalismo calidad persona gerente Octavio Sosa debo mencionar manera especial sevicio hacer cada huesped estancia perfecta supuesto VEMOS PRONTO,2020,4,1
97,antiguo bonito elegante restauran s√∫per buen servicio bar recepci√≥n deficiente empleados ssin ganas trabajar,2020,4,0
98,UBICACI√ìN BUENA PERSONAL RECEPCI√ìN AMABLE BOTONES SI SECADORA PELO SERVIA HIJA ANDABA ENFERMA SI NECESITABA PERSONAS ASEO SI HACEN BIEN CUARTO CREO PUEDEN DAR MEJOR SERVICIO DARLE PLUS ZONA ENCUENTRA BUFETTE CARO,2020,4,0
99,Ubicado coraz√≥n centro hist√≥rico transporta viaje pasado instalacionescomo ejemplo elevador conducido elevadorista llamas sonado timbre suena campana habitaciones mobiliario antiguo‚Ä¶,2020,4,1
100,Excelente ubicaci√≥n comida personal amable S√≥lo si necesitas servicio taxis decides pedirlo recepc√≠√≥n aseg√∫rate verificar precio exagerado Enfrente Citybus paseo leyendas los‚Ä¶,2020,4,1
101,Vista espectacular Z√≥calo,2020,10,1
102,triste sistema recepci√≥n Cu√°ndo estan gana contestan dejan tirado l√≠nea mienten hora darte informaci√≥n P√©sima actitud servicio responsables √°rea,2020,4,0
103,LUJO PERSONAL SUPER EXELENTE NECESITAS VIVIRLO,2020,4,1
104,Encantador vista terraza comida tradicional,2020,4,1
105,personal atento amable siempre pendiente necesite,2020,4,1
106,c√©ntricoexcelente atenci√≥nbuena comida Excepto CUENTA ESTACIONAMIENTO,2020,4,1
107,Lindo ubicado Z√≥calo limpio seguro salir encuentra Avenida Madero diversos comercios restaurantes bares cuenta restaurante terraza vista fant√°stica √∫nico malo escucha bullicio plaza,2019,4,0
108,Excelente ubicaci√≥n cerca sitios hist√≥ricos tiendas buena atenci√≥n personal atento colaborador Magn√≠fica vista restaurante,2020,4,1
109,Excelente lugar riqu√≠simo buffet,2020,4,1
110,Solo voy bar,2020,4,1
111,comodo,2020,4,1
112,Excelente atenci√≥n,2020,4,1
113,lugar vista incre√≠ble Z√≥calo Ciudad M√©xico dos cosas podr√≠an mejorar atenci√≥n hu√©spedes recepci√≥n turno diurno amables colch√≥n viejo dem√°s exelente,2019,4,1
114,Excelente atencion,2020,4,1
115,terraza ofrece espectacular vista z√≥calo ir comida cumple lejos expectativas,2019,4,0
116,buen personal amable recomendable solo paso √∫nico consejo elijan habitaciones den hacia z√≥calo eventos s√© pueden ser constantes noche dej√≥ dormir temprano,2019,4,0
117,ELEVADOR MANUAL ANTIGUO ESPERAR EMPLEADO DISPONIBLE OPERARLO PUEDES TARDAR MIN ESPERANDO ELSERVICIO USAS ESCALERAS ULTIMO DIA PRESENTO ASEO PM QUERER HACER ASEO PROBLEMAS ENVIO DEFACTURAS DEJAN COLGADO SOLICITARLAS CUARTO CLIMA VENTILADOR,2020,4,0
118,Excelente servicio alimentaci√≥n deliciosa variada atentos puede descansar tranquilo,2020,4,1
119,Hola hospedados semana familia excelente servicios cordiales eficientes servicio restaurante completo personal agradable,2019,4,1
120,viejocon unas camas mal caro ofrece comidas evitar desayuno Buffett evitar cena recomiendo restaurantes encuentran alrededores,2020,4,0
121,ruido proviniente calle Habitacion balcon puertas mismo dificiles cerrar antiguas,2020,4,0
122,Experiencia inolvidable,2020,4,1
123,personal restaurante amable especial Sergio Recomendado,2020,4,1
124,instalaciones coloniales antiguas hacen disfrutes estancia embargo personal falta empat√≠a hu√©sped pues muestran educaci√≥n saludarnos llegar salir d√≠as‚Ä¶,2020,4,0
125,Excelentes cuartos buena experiencia excepto estacionamiento propio excelente ubicaci√≥n cerca puedas buscar,2020,4,1
126,instalaciones demasiada antiguas limpieza bastante sucio personal agradable bien situado,2019,4,0
127,Lugar ameno,2020,4,1
128,buena ubicaci√≥n centro hist√≥rico estupenda vista z√≥calo edificios hist√≥ricos rodean,2019,4,1
129,Excelente vista buen servicio solo quedan cortos mantenimiento creo hace falta personal dem√°s vuelvo hospedar all√≠ duda ubicaci√≥n mejor,2019,4,1
130,buen servicio,2020,4,1
131,s√∫per parece dos ciudades diferentes entras centro toda gente ves pasa entras cambio radical vuelve realidad salir balc√≥n atenci√≥n buena intalaciones limpias seguras exelente servicio,2020,4,1
132,atenci√≥n personal excelente habitaciones amplitud seguridad Pudieran esmerarse aseo entregan habitaciones limpias peto si permaneces varios d√≠as ah√≠ Solo tienden cama sacan basura trapean piso barren habitaci√≥n,2019,4,0
133,gusta encuentra centro CDMX,2020,4,1
134,buen lugar,2020,4,1
135,P√©simo servicio llegue madrugada decid√≠ siquiera quedarme restaurante cambio excelente servicio comida vista z√≥calo,2019,4,0
136,Am√© linda azotea vista Z√≥calo ‚ù§,2020,4,1
137,rico buffet buen precio üòã,2020,4,1
138,buena ubicaci√≥n justo coraz√≥n social politico econ√≥mico financiero pa√≠s,2020,4,1
139,Bello hotelterraza vista incre√≠ble falta mejorar atenci√≥n personal malacariento ap√°tico,2020,4,0
140,Bonito buen servicio restaurante,2020,4,1
141,bonito aunque falta cuidar detalles lugar hist√≥rico apariencia descuidado ve viejo ojal√° cuiden,2019,4,1
142,mejor centro ciudad buen precio atenci√≥n lujo,2020,4,1
143,buffet completo cuenta rededor alimentos diferentes incluyendo postres cerveza puede ser barril botella preferencia duda alguna desayunar comer cenar simplemente pasar rato terraza es‚Ä¶,2018,4,1
144,restaurante vista plaza constituci√≥n comida exquisita buen precio recomendable,2020,4,1
145,Hermosa vista plaza constitucion restaurante simplemente hermoso,2019,4,1
146,vista hermosaüç∏üòç,2020,4,1
147,Listo fiesta independencia CDMX,2020,4,1
148,Barato chido,2020,4,1
149,Excelente ubicacion limpio comodo buena relacion calidadprecio,2019,4,1
150,Excelente enfrente zocalo,2020,4,1
151,bonito personas gusta vivir lugares antiguos elevador viejo vista Z√≥calo buena regular decoraci√≥n desayuno abundante precio,2019,4,0
152,a√±os mantenido entonces Cama c√≥moda ubicaci√≥n buen√≠sima personal bueno,2020,4,1
153,menos llegando restaurante faltaban minutos dieran tarde todav√≠a puesto buffet mesero recibi√≥ dijo pod√≠an dar servicio dijo esper√°bamos iniciar√°‚Ä¶,2019,4,0
154,terraza restaurante gran vista Z√≥calo excelente atenci√≥n buen buffet desayuno Ba√±os limpios,2019,4,1
155,antiguo bien conservado excelente ubicaci√≥n vista plaza z√≥calo pude ver soldados izan bandera servicio excelente habitaciones lujos agradables restaurante terraza‚Ä¶,2017,4,1
156,excelente,2020,4,1
157,Lugar limpioy acogedorpero mal servicio Bell boys,2020,4,0
158,buena atencion deliciosa comida unici q si sienyo q caro bn gusto recomiendo maximo,2019,4,1
159,Excelente atencion,2020,4,1
160,encant√≥ bonito buena ubicacion Justo frente z√≥calo Si sue√±o ligero mejor llevar tapones ruido viene z√≥calo cama super c√≥moda ba√±o bien funcionando‚Ä¶,2019,4,1
161,hace falta urgencia total remodelada,2020,4,0
162,Hoteluy bien ubicado solo vez luego muchas visitas v√≠ctima robo habitacion Lamentablemente lis responsables miraron lado ayudaron nafa lastima √∫ltima experiencia hosped√≥ ac√°,2019,4,0
163,P√©simo all√° buena ubicaci√≥n cobran dineral unas instalaciones horribles Viejo sucio mal gusto,2019,4,0
164,Bien edificio colonial gusta concepto habitaciones estan bien tambien ubicado centro asi util quieren salir centro ciudad directamente,2019,4,1
165,buena ubicaci√≥n ruido Fallo puerta l√≠nea telef√≥nica tarjeta desprogramarse cada hrs desayuno abundante x pesos Personal amable front desk faltamas amabilidad,2019,4,0
166,Legendario lugar cuyo restaurante da excelente vista Plaza Constituci√≥n centro Ciudad M√©xico,2019,4,1
167,mejor ubicaci√≥n,2020,4,1
168,elegante,2020,4,1
169,Excelente lugar,2020,4,1
170,descuidado,2019,4,0
171,Siempre gustado hac√≠a a√±os alojaba trabaj√© Hostales M√©xico tiempos Don Jos√© Brockman hijo Gonz√°lo ex compa√±ero universitario Jorge Tort detalles desaniman ejemplo hecho proporcionen factura fiscal tiempo forma,2019,4,0
172,bonito caro vale pena centro cdm restaurante tiendas chocolateria boutiques,2020,4,1
173,Excelente vista preciosa z√≥calo habitaciones c√≥modas agradables,2020,4,1
174,buen lugar,2019,4,1
175,Excelente lugar gimnasio centro negocios peque√±o,2020,4,1
176,Hace tiempo dentro parte personal pr√°cticas di cuenta servicio restaurante bueno llevan bien comida menos favor bar realmente tranquilo‚Ä¶,2019,4,1
177,malo costos altos instalaciones viejisimas rente habitacion lugar cama parecia cuna colchon super hundido p√©simo atencion deficiente,2019,4,0
178,Lugar limpio agradable personal eficiente atento Solo madrugada ajeno prueba alarma interrumpe sue√±o,2019,4,1
179,personal atento habitaciones limpias seguridad entrada general hermoso,2020,4,1
180,Desayuno supuestamente Buffet aunque variado servicio bueno ambiente familiar turistas gringos edificio antiguo colonial gran vista Z√≥calo,2019,4,0
181,Magn√≠fico nn si tomas promoci√≥n valdr√° pena,2019,4,1
182,coraz√≥n Ciudad M√©xico Cerca Habitaciones ideales descansar qui√©n quiere descansar afuera esperando hermosa ciudad,2019,4,1
183,Excelente staff atenci√≥n parte √∫nico detalle z√≥calo veces ruidos calle permiten descansar bien,2019,4,1
184,Lugar tranquilo servicio bueno excelente muchas CUCARACHAS ba√±o reportar infestacion hace personal solo toman nota sucedido opini√≥n mal trato terraza comer,2019,4,0
185,habitaciones comodas bien equipadas limpias espaciosas terraza gran bufet comida riquisima embargo camas ruedas respaldo cama fijo pareci√≥ inc√≥modo De‚Ä¶,2019,4,1
186,ubicaci√≥n buena atractivo tur√≠stico bello atenci√≥n primera Adem√°s gran historia terraza vista grandiosa z√≥calo,2017,4,1
187,personas laboran ah√≠ excelentes amables hospedas dejas habitaci√≥n cuarto toco ruido noche salio nunca agua caliente tenias dejar tiempo abierta el‚Ä¶,2018,4,0
188,Elegante lugar,2020,4,1
189,iba bien llegar habitaci√≥n higiene mala mantenimiento malo sucio lleno polvo espejos sucios socket l√°mpara roto cerradura sirve recamara cama ol√≠a mal y‚Ä¶,2020,4,0
190,bonito empleados excelentes amables bonita atenci√≥n ubicaci√≥n excelente solo queja cu√°l vuelvo regresar camas estan tan duras tabla literalmente amanec√≠ una‚Ä¶,2019,4,0
191,instalacion pesar ser edificio antiguo completamente bellas limpias cuidadas recomendables buffet riquisimo atencion personal excelente especificamente apoyado Gustavo recepcion atendio maravilla PD vista increible terraza,2019,4,1
192,Excelente ambiente buena atenci√≥n personal lujo Gracias,2019,4,1
193,Buena ubicaci√≥n Especialmente si concierto zocalo,2020,4,1
194,comida excelente duda hermoso lugar vista hacia catedral explanada centro ciudad M√©xico cualquier √©poca a√±o agradable lugar degustar rica cena desayuno,2018,4,1
195,atendieron bien limpio buen servicio habitacion unico problema restaurant puro bufet,2019,4,1
196,Alta calidad bueno trabajo impecable inicio reservacion,2020,4,1
197,Bonito cama comodamucha tranquilidad noche,2020,4,1
198,Excelente servicio,2020,4,1
199,restaurant mejor espero regresar peonto,2019,4,1
200,realidad bonito excelente ubicaci√≥n pasos Z√≥calo Centro Hist√≥rico realidad carece comodidades amenidades comentan p√°gina web hacer llamadas‚Ä¶,2019,4,0
201,edificio bonito conoc√≠ habitaciones restaurante parecieran mezclarse detalles antiguos s√≥lo descuidados,2019,4,1
202,mas lindo,2020,4,1
203,Exelente servicio comidas exquisitas,2019,4,1
204,Fu√© agradable cena Z√≥calo bellamente alumbrado,2019,4,1
205,Ubicaci√≥n excelente recorrer centro hist√≥rico habitaciones excelente vista palacio nacional catedral restaurante terraza recomiendo bufete mala variedad mal sabor,2017,4,1
206,Falta acondicionar ventanas disminuir ruido z√≥calo,2020,4,1
207,Excelente servicio reserva eficientes,2019,4,1
208,Demasiado caro raqu√≠tico ser buf√© buffet talla internacional servicio deja desear especial capit√°n meseros gerente resposable √°rea restaurante invitaci√≥n volver,2018,4,0
209,bell√≠sima casona tradicional encant√≥ elevador üòç S√≥lo agregar√≠a aire acondicionado habitaciones,2019,4,1
210,servicio bastante bueno creo personal podr√≠a ser ligeramente amable noche habitaciones excelente lugar recomendable,2018,4,1
211,r√∫stico demasiado conservado da tranquilidad agradable Limpio Ordenado,2018,4,1
212,Bien agradable vista maravillosa noches amanecer gusto vuelvo,2018,4,0
213,Extraordinario bello verdad excelente ubicaci√≥n,2020,4,1
214,Recomendable limpio personal atento ubicaci√≥n incre√≠ble cerca muchas atracciones turisticas regreso,2019,4,1
215,Horrible cae verdad viejo cucarachas √∫nico bueno vista,2020,4,0
216,vista z√≥calo capitalismo restaurant pocos,2020,4,1
217,buen hote excelente ubicaci√≥n,2019,4,1
218,mal,2020,4,0
219,Excelente ubicaci√≥n recomendable tranquilidad solo sonidos normales centro CDMX,2019,4,0
220,cuartos lugar bueno ubicaci√≥n servicio personal mejor bonito lugar visitar descansar cerca centro,2018,4,0
221,Excelente ubicaci√≥n buena atenci√≥n encanto mejor centro hist√≥rico bell√≠simo M√©xico,2018,4,1
222,buena atenci√≥n,2019,4,1
223,vista incre√≠ble l√°stima puedas ordenar alimentos carta solo permiten consumo buffet lugar mucha gente bien tomar trago atenci√≥n excelente,2018,4,1
224,habitaci√≥n comoda general aunque permite ruido calle ofrecen opciones estacionamiento convenio alg√∫n estacionamiento p√∫blico aunque varios cerca encontramos cucarachas ba√±o,2018,4,0
225,duda mas iconicos dentro centro ciudad M√©xico exclusivos desayunos incluidos excelente room service preciosa vista centro capital M√©xico üòç,2019,4,1
226,vista incre√≠ble si suerte temporada baja pide ventana hacia Z√≥calo entrada bella interior habitaciones mejorable muebles paredes requieren mantenimiento,2017,4,1
227,bonito bufete habitaciones linda vista camarera robo anillo matrimonio,2019,4,0
228,ubicaci√≥n √°reas comunes bien mantenimiento habitaciones Mal,2019,4,0
229,Buena ubicaci√≥n extremadamente ruidoso puede dormir bien,2020,4,0
230,sitio bastante c√©ntrico habitaci√≥n amplia confortable vistas z√≥calo,2018,4,1
231,bonito servicio cuarto r√°pido ocasiones siquiera llevaron ped√≠ habitaci√≥n bien hace falta mejor recepci√≥n televisi√≥n wifi,2018,4,0
232,agradable vista imprecionante hacia Z√≥calo Catedral Metropolitana Palacio Gobiernoüòçüòç,2019,4,1
233,restaurant Servicio normal mundo Relaci√≥n valor precio tan buena elevador peque√±o ve falta mantenimiento,2018,4,0
234,lugar lindo si quieres disfrutar M√©xico cultura Z√≥calo buena opci√≥n,2019,4,1
235,Mucha personalidad c√©ntrico Excelente opci√≥n,2019,4,1
236,hosped√© pasado abril noches realmente pesadilla Llegando di cuenta cuenta aire acondicionado dieron habitaci√≥n daba Madero pod√≠a‚Ä¶,2019,4,0
237,lugar agradable,2019,4,1
238,Excelente Buena atenci√≥n Restaurante Buena ubicaci√≥n,2018,4,1
239,excelente,2020,4,1
240,vista Z√≥calo buen lugar caro elegante √∫nico quieres habitaci√≥n d√≠as festivos precio eleva vale precio,2014,4,1
241,lujoso gusta ubicaci√≥n comida rica,2019,4,1
242,respira aire M√©xico antiguo aunado modernidad Siglo XXI lugar seguro hermosa arquitectura disfruta Ven conocerlo,2017,4,1
243,habitaci√≥n infestaci√≥n chinches higiene lugar horrible Vimos higiene terrible menos habitaciones as√≠ √∫nica personal porto amable trato poner mejor cara un‚Ä¶,2017,4,0
244,Nostalgicos bellos recuerdos Ciudad M√©xico a√±os cuarentas MAJESTIC,2019,4,1
245,viejo atenci√≥n cliente buena ubicaci√≥n c√©ntrica excelente,2019,4,1
246,Buena atenci√≥n seguridad pleno centro malo camas duras buena comida,2018,4,1
247,Bonita vista cena comida,2019,4,1
248,Excelente ubicaci√≥n buena atenci√≥n agradable vista malo encontr√© desagradable olor ba√±o calidad mobiliario entiende antig√ºedad edificio duda amantes antiguo encantar√°,2019,4,1
249,S√∫per c√©ntrico bien atenci√≥n c√°lida Excelente recepci√≥n √∫nico pareci√≥ restaurant vista panor√°mica z√≥calo servicio carta s√≥lo buffet barato manera nantenerlo exclusivo,2019,4,1
250,quise llamarles reservar avitaciones personas nunca contestaron levantaban bocina colgaban llamada deja decir deustedes,2019,4,0
251,ubicaci√≥n perfecta quiere turistear DF terraza espectacular vista z√≥calo,2019,4,1
252,Alguna tarde pasa tomar cafecito disfruta majestuosa vista ofrece hist√≤rico lugar Aprecia arquitectura,2018,4,1
253,Excelente disfrutar bella vista Zocalo Capitalino restaurante terraza desayunos buffet d√≠as instalaciones comodidad lujosas necesario estancia c√≥moda agradable precios altos zona vale pena,2018,4,1
254,Buena ubicaci√≥n mal servicio WiFi inservible report√≥ personal nunca repararon,2018,4,0
255,atendidos maravilla personal amable habitacion implecable mejor ubicacion ciudad Mexico,2018,4,1
256,situado costado explanada z√≥calo Excelente vista ideal rentar habitaci√≥n alg√∫n evento pagar palco lujo Excelente precio seg√∫n ubicaci√≥n,2014,4,1
257,atenci√≥n buena mintieron enviaron ropa lavander√≠a devolvieron sucia,2018,4,1
258,buena ubicaci√≥n habitaciones peque√±as vomodas buffet igual peque√±o rico √∫nico problema coordinaci√≥n limpieza cuarto pueden ir tarde querer limpiar despertarte temprano mismo,2018,4,1
259,ser viejo pisos d maderA puedes dormir oyen pasos todaslas habitaicones igual qlas camas horrible estacionamiento malo restaurante,2018,4,0
260,Pesimo Habitaciones viejas agua sale fr√≠a Tardan llevar amenidade √∫nico bonito vista zocalo,2018,4,0
261,buen vista Z√≥calo accesible c√≥modo,2019,4,1
262,limpio buen restaurante excelente servicio ubicaci√≥n bonita ciudad,2017,4,1
263,Pintoresco necesario,2019,4,0
264,comida variada buena secas atenci√≥n vista Z√≥calo inmejorables ideal llevar qui√©nes vienen visita ciudad,2018,4,0
265,excelente pr√°cticamente costado z√≥calo personal amable faltan conexiones el√©ctricas poder cargar tel√©fonos,2017,4,1
266,Personal calificado profesional ameno arquitectura ascensores antiqu√≠simos igual Centro Hist√≥rico Buen desayuno incluido calefacci√≥n aire acondicionado refrigerador mayoria,2016,4,1
267,Terrasa restaurante p√©simo tardan horrores servirte final factura tipa cobra factura hizo incorrecto recibimos dichas facturas Cero recomendable,2018,4,0
268,Bonita vista z√≥calo,2020,4,0
269,Envienme fotos desayuno,2018,4,1
270,mundo linda vista z√≥calo capitalino,2018,4,1
271,ir tomarse selfie techos vitral hermosiiisimo super recomendable bien ubicado,2018,4,1
272,Excelente ubicaci√≥n buena vista instalaciones c√≥modas buen dise√±o conservando historia edificio buen servicio,2017,4,1
273,bien,2019,4,1
274,Lugar antiguo colonial falta cuidar detalles tratan combinar antiguo nuevo √∫nico bueno vista plaza z√≥calo,2017,4,0
275,gust√≥ hotelbonito personal amable excelente vista Z√≥calo habitaciones lamentablemente cuenta estacionamientono d√≥nde parar afuera esquina dejan parar bajar maleta unico estacionamiento hrsesta cuadraslos dem√°s cobran hr,2018,4,1
276,Excelente ubicaci√≥n dise√±o √∫nico problema exceso ruido puerta terraza cerraba recomendable colocar alg√∫n aislante ruido doble vidrio cortinas anti ruido,2016,4,1
277,comida mejor vale pena vista,2018,4,0
278,vayan nunca Restaurante Terraza Gerente nombre Sabino Campos actitud p√©ima grosero prepotente hoy hija ver lugar ver si quedabamos comer tomar abordo entrada le‚Ä¶,2018,4,0
279,viejo mucha historia restaurant formidable mejor vista zocalo,2018,4,0
280,Personal atento amable buena vista Z√≥calo CDMX buen restaurante piso alto edificio edificio antig√ºo buen cuentan buena comida variada diariamente,2018,4,1
281,terraza restaurante vista Z√≥calo incluye Catedral Metropolitana Palacio Nacional portal Mercaderes sede hotellos edificios Gobierno CDMX Monte Piedadun cuadril√°tero arquitectura virreinal enmarca Bandera Mexicanaondeando,2019,4,1
282,Excelente servicio agradable,2018,4,1
283,buen lugar relajarse fin semana c√©ntrico cerca z√≥calo varios lugares interesantes,2016,4,1
284,mala experiencia Practiamente negaron servicio quer√≠amos comer buffet mandaron mesa toda chafa Seg√∫n pol√≠tica mejores mesas mejores clientes consumen buffet Solo tomamos‚Ä¶,2018,4,0
285,Falta renovacion servicios basicos ejemplo solo elevador manual asi decirlo habia funcionar Habitacion AC abanico buena ubicacion vista frente Zocalo,2018,4,0
286,bien zona verdaderamente hist√≥rica,2018,4,1
287,caro bufete calidad comida,2018,4,0
288,buena atenci√≥n bien ubicado z√≥calo esquina calle peatonal contrate agencia Interjet economoco alimentos zona comer elevador atendido operador amablesno clima hace fr√≠o as√≠ necesita,2018,4,1
289,mala experiencia estancia dias toallas aunque ped√≠a llevaban siguietecd√≠a hicieron servicio limpieza solicit√© varias veces nunca atendieron encargado recepci√≥n turno vespertino grosero d√©spota recomiendo,2019,4,0
290,ubicaci√≥n espl√©ndida poder apreciar disfrutar primer cuadro ciudad,2018,4,1
291,bien hotek,2020,4,1
292,atenci√≥n excelente excepto restaurante Comida cena bastante bien desayuno similar Sanborns caro Meseros septiembre super lentos olvidadizos,2017,4,1
293,recepcionistas ser mas atentos demas bien,2019,4,0
294,Pesimo servicio,2020,4,0
295,restaurante bonita vista comida buenap√©sima antencion servicio parte meseros,2017,4,0
296,encuentra lugar centrico vista terraza bonita falta mejorar comodidad camas remodelar cuartos encuentran viejos,2017,4,1
297,mejor atenci√≥n,2019,4,1
298,Lindo,2019,4,1
299,HISTORIA BEST WESTERN MAJESTIC M√©xico City AMISTAD buen SABOR siempre perdura TIEMPO Gr√°cias marcel,2018,4,1
300,momento reservar habl√≥ tipo habitaci√≥n respet√≥ adultos dieron habitaci√≥n camas individuales botellas agua solamente toallas hicieron cambio habitaci√≥n nos‚Ä¶,2017,4,0
301,bonito sitio duda vivir belleza arquitectura antigua tantos detalles mexicanos,2018,4,1
302,bien Super bien ubicado habitaciones bonitas limpias,2014,4,1
303,Lugar familiar rom√°ntico Excelente vista z√≥calo,2018,4,1
304,buen lugar tomar copa amigasuna vista hermosa servicio excelente,2017,4,1
305,servicio bueno habitaciones falta limpieza general bien,2017,4,1
306,comida pesima coraz√≥n ciudad mexico recomendable cabello sali√≥ platillo Deber√≠an esmerarse ser sitio aloja turismo ciudadanos deseamos disfrutar vista ciudad acompa√±ada buena comida Decepcionante,2017,4,0
307,Excelente vista,2020,4,1
308,ubicacion increible seguro limpio staff educado atento hospedes,2018,4,1
309,mejor vista ubicaci√≥n pasos Zocalo ver manifestantes gusto malo clima mueres calorrrrrrr,2017,4,0
310,Excelente servicio,2019,4,1
311,Ubicaci√≥n perfecta contemplar ocurre Z√≥calo vitrales preciosos interior sorprende elevadores antiqu√≠simos buffet desayuno super caro aprovechas lindas vistas terraza,2016,4,1
312,S√≥lo vez qued√© torneo neta elegante c√≥modo lugar,2014,4,1
313,Excelente servicio vista centro hist√≥rico genial,2020,4,1
314,üíØ ubicaci√≥n üíØ vista üíØ arquitectura edificio camas insulacion dorm√≠ escucha todas maniobras z√≥calo aparte cama inc√≥moda,2019,4,1
315,Bonito lugar bar maravillosa vista centro ciudad,2019,4,1
316,lugar calido servicio,2017,4,1
317,lugar agradable vista maravillosa Centro Hist√≥rico CDMX restaurante terraza vista Z√≥calo Capitalismo lugar m√°gico,2018,4,1
318,buffet demasiado caro comida ofrecen Deber√≠an incluir servicio carta mejorar servicio parte meseros,2017,4,0
319,Buena atension comodo cerca caminar encontrar,2018,4,1
320,Cuenta terraza maravillosa,2018,4,1
321,Magn√≠fico lugar lleno historia buena atenci√≥n,2019,4,1
322,servicio p√©simo control reservaciones bufett peor vida pocos platillos sabor ninguna calidad gastron√≥mica l√°stima lugar ubicaci√≥n vista privilegiados desperdiciados supervisi√≥n control Imposible recomendarlo,2017,4,0
323,Excelente atenci√≥n,2019,4,1
324,Terriblemente inasequible persona silla ruedas,2017,4,0
325,anitos trabajaba mejor df lindo querido gran majestic carajooooo,2016,4,1
326,Exelente servicio personal cuerto desente excepcion colchones camas duros,2017,4,1
327,Servicio limpieza impecable amabilidad encuentra bien ubicado caurtos acogibles enormes respira tranquilidad lugar bueno relajarse,2017,4,1
328,Habitaciones sencillas ubicacion estrategica recorrer ciudad,2019,4,1
329,acudir debe hacer reservacionprevio anticipoen deposito cuenta bancaria aceptan transferencias servicio malo lento comida mediana calidad precios adecuadosdado servicio calidad los‚Ä¶,2016,4,0
330,favoritos ciudad Mexico,2020,4,1
331,gusto tetrico lugar asusta noche Cobran carisimo instalaciones estilo campestre sino estilo viejiiisimo,2018,4,0
332,Hablar√© desyuno terraza asist√≠ comida mexicana internacional buena servicio bueno costpo aquella ocasi√≥n julio menos vale lugar terraza vista,2017,4,1
333,lugar acojedor elegante buena atencion,2018,4,1
334,vista incre√≠ble mirador hacia plaza gente bastante simp√°tica instalaciones bastante antiguas,2017,4,1
335,Horrible trato personal condiciones lugar,2020,4,0
336,padre elegante cena navidad √∫nico falta estacionamiento cercas hrs,2015,4,1
337,Buen lugar vista z√≥calo,2020,4,1
338,cena excelente desayuno semejante Vips super caro,2017,4,1
339,llevaron cenar ah√≠ experiencia incre√≠ble conoc√≠a lugar enamor√© atardecer noche vista alturas plancha z√≥calo toda multiculturalidad dejaron fascinada Definitivamente volver√≠a ir mil veces RodadaPlus BiciGourmet,2013,4,1
340,buen servicio instalaciones bonitas,2020,4,1
341,Excelente sabor calidad comida bebidas buen servicio preciosa vista,2018,4,1
342,exelente verdad vista magn√≠fica restaurante genial comida bien,2017,4,1
343,Excelente,2019,4,1
344,buena experiencia recomiendo,2014,4,1
345,Precioso centro ciudad alojarse museo,2019,4,1
346,vacaciones toc√≥ habitaci√≥n vista plaza excelente,2017,4,1
347,Vista espectacular catedral z√≥calo,2018,4,1
348,Excelente,2020,4,1
349,gustomuy viejo rechina adem√°s much√≠simo ruido habitaciones,2018,4,0
350,bonito c√≥modo lugar pasar d√≠a dormir c√≥modamente,2018,4,1
351,falta aire acondicionados agua caliente,2020,4,0
352,Falta mantenimiento,2017,4,1
353,buen servicio,2017,4,1
354,c√≥modo genial atenci√≥n,2017,4,1
355,bonito terraza vista increible zocalo,2018,4,1
356,cadena buenos baratos siempre limpios personal amable,2014,4,0
357,agradables instalaciones habitaciones huelen mal escucha ruido noche,2018,4,0
358,excelente servicio,2017,4,1
359,buen servicio exelente trato personal recomendable,2018,4,1
360,Excelente excelentes servicios agradable dise√±o colonial Recomendado,2017,4,1
361,Mejorar servico,2017,4,0
362,Hermoso comodo lugar,2020,4,1
363,genial fallo agua caliente tarda,2016,4,0
364,Ideal tomar caf√© tener linda vista hacia z√≥calo,2017,4,1
365,Lugar encantador mejor ubicaci√≥n,2019,4,1
366,vista incre√≠ble buen elevado costo,2018,4,1
367,Excelente servicio mirador,2017,4,1
368,elegante encanta ubicaci√≥n calle madero maravillosa,2014,4,1
369,Excelente lugar comer,2020,4,1
370,Excelente ubicaci√≥n p√©simo servicio recepci√≥n,2020,4,0
371,excelente ubicaci√≥n molesta ruidos exterior,2019,4,1
372,buena ubicaci√≥n vista Z√≥calo personal atento,2018,4,1
373,Excelente ubicaci√≥n,2020,4,1
374,Mejorar variedad comida buffet ubicaci√≥n mesa postres da posibilidad contaminaci√≥n polvo pan duro,2017,4,0
375,Despu√©s varios a√±os regres√© nota descuidado varios aspectos,2019,4,0
376,Excelente ubicaci√≥n conocer centro hist√≥rico,2018,4,1
377,buena ubicaci√≥n terraza vista espectacular,2019,4,1
378,encanta lugar ir desayunar familia mejor,2018,4,1
379,viejo ba√±o sucios tina ba√±o llaves lavabo manchas pintura solicit√≥ cobija extra recepci√≥n dijeron tra√≠a nunca despu√©s contestaban recepci√≥n ir personalmente lamadrugada recepci√≥n dieron,2017,4,0
380,Excelente buen lugar alojarse buena ubicaci√≥n,2019,4,1
381,mal servicio instalacioinstalaciones demasiado deterioradas,2019,4,0
382,bufete desayuno bueno servicio descuidado bien general,2017,4,0
383,bonito solo conoc√≠ terraza,2019,4,1
384,exelente buena uvicacion,2018,4,1
385,mejor lugar frente Z√≥calo,2020,4,1
386,Buen servicio,2019,4,1
387,excelente trabajadores atentos,2018,4,1
388,Solo falta ascensor existente pudiera ser usado necesidad staff,2018,4,1
389,Malo,2020,4,0
390,pudimos obtener habitaci√≥n,2020,4,0
391,Excelente falta mejorar atenci√≥n,2020,4,1
392,Servicios buenos cualquier centro s√≥lo habitaciones obsoletas pesima atenci√≥n parte recursos humanos,2019,4,0
393,Excelente opci√≥n pleno Z√≥calo,2019,4,1
394,Lastima q pileta gym excelente atenci√≥n ubicaci√≥n,2019,4,1
395,Camas incomodas aire acondicionado,2019,4,0
396,ancla ubicaci√≥n comida buena atenci√≥n deja desear,2018,4,0
397,hermoso lugar visita Familia,2019,4,1
398,Excelente servicio,2018,4,1
399,Excelente servicio,2018,4,1
400,Excelente buen fin semana,2019,4,1
401,viejo empleados atienden mal puede dormir escandalo tremendo escucha desayuno feo,2019,4,0
402,bueno,2018,4,1
403,ubicaci√≥n incre√≠ble cercas habitaciones estilo colonial bonitas √∫nico aire acondicionado clima ciudad hace falta,2018,4,1
404,Buenas vistas z√≥calo bufete amplio bueno meseros atentos,2017,4,1
405,Excelente,2019,4,1
406,Aunque poca variedad postres rico,2019,4,1
407,Excelente desayuno,2018,4,1
408,Simplemente espectacular,2019,4,1
409,Excelente buena atenci√≥n precios acordes calidad,2017,4,1
410,Genial,2020,5,1
411,bien ubicado necesita taxi movilizarse cerca excelente vista terraza,2018,4,1
412,buena vista,2018,4,1
413,Lugar bonito,2020,4,1
414,experiencia bonita,2018,4,1
415,Super excelente lugar magn√≠fico vista espectacular,2018,4,1
416,lugar agradable duda regresar√© pronto,2017,4,1
417,hospedaje historia rodeado palacios museos,2020,4,1
418,lugar disfrutar desayunos amigos,2019,4,1
419,Excelente,2019,4,1
420,solicitamos unventilador deben tener suficientes satisfacer visitantes,2018,4,1
421,Excelente atenci√≥n personas super especiales,2019,4,1
422,√∫nico detalle pides toallas nunca llevan,2020,4,1
423,Bonito,2020,4,1
424,P√©simo p√©simo Buffet desayuno Caro Salado variedad,2019,4,0
425,Excelente lugar gran vista,2019,4,1
426,Excelente restaurante excelente vista zocalo,2018,4,1
427,C√≥modo accesible,2019,4,1
428,Muchas deficiencias,2020,4,0
429,Encuentro pasado,2020,4,1
430,Bonito,2020,4,0
431,,2020,4,0
432,Buen,2020,4,1
433,Excelente restaurant,2019,4,1
434,Excelente ubicaci√≥n,2019,4,1
435,vista hermosa,2019,4,1
436,Peculiar,2019,4,1
437,lujo,2019,4,1
438,Excelente atenci√≥n,2019,4,1
439,Perfecta atenci√≥n,2019,4,1
440,Historia,2019,4,1
441,habitaciones falta mantenimiento,2019,4,1
442,Excelente,2019,4,1
443,Lindo,2020,4,1
444,joya ubicaci√≥n vista catedral precio atm√≥sfera √©poca precio,2019,4,1
445,bonito,2019,4,1
446,encant√≥,2019,4,1
447,servicio malo,2019,4,0
448,salvo ubicaci√≥n dem√°s malo,2019,4,0
449,üò£Exelente buena atenci√≥n cuidados,2019,4,1
450,Recepcinista grosero,2019,4,0
451,excelente,2019,4,1
452,ROBAN,2019,4,0
453,Excelente,2019,4,1
454,muchas cucarachas,2019,4,0
455,Excelente,2019,4,1
456,Mal servicio,2019,4,0
457,terraza genial,2019,4,1
458,Hermoso,2019,4,1
459,bien,2019,4,1
460,bien servicio,2019,4,1
461,Excelentes vistas Buen servicio,2018,4,1
462,Comodidad satisfacci√≥n total,2019,4,1
463,Actitud servicio comodidad,2019,4,1
464,Mal educados faltos criterio,2018,4,0
465,maseras cara larga,2018,4,1
466,Horrible mala atenci√≥n,2018,4,0
467,servicio bueno comida buena puede mejorar,2018,4,0
468,Buenas instalaciones precio desproporcional,2018,4,1
469,Excelente servicio lugar comida,2018,4,1
470,hermoso servicio agradable,2018,4,1
471,Excelente vista Z√≥calo,2018,4,1
472,Creo vista demasiado buenano ver√°n √°rboles enormes si grandioso z√≥calo,2018,4,1
473,padre,2018,4,1
474,Bonito lugar voy tomarlo,2018,4,1
475,confortable buena comida trato excelente,2018,4,1
476,buen servicio as√≠ higiene,2018,4,0
477,viejo buena atencion personal aire acondicionado ventilador Caro,2018,4,0
478,Excelente,2018,4,1
479,Excelente puede a√∫n mejorar,2018,4,1
480,excelente excelente servicio recomiendo ampliamente,2018,4,1
481,Excelente vista,2018,4,1
482,Buen servicio buen recomendable,2018,4,1
483,Buen,2018,4,1
484,Excelente ubicaci√≥n excelente servicio,2018,4,1
485,Incre√≠ble servicio,2018,4,1
486,gusta,2018,4,1
487,Buen,2018,4,0
488,buen restaurante vista z√≥calo bufete regular precio m√≥dico caro,2018,4,0
489,Excelente vista buen precio rico saz√≥n,2018,4,1
490,Tranquilo confortable,2018,4,1
491,Buen excelente ubicaci√≥n,2018,4,1
492,Extraordinario lugar encantada trato,2018,4,1
493,recuerdo haber lugar,2018,4,0
494,faltan servicios,2018,4,0
495,gust√≥,2018,4,1
496,Limpieza deficiente personal recepci√≥n falto preparaci√≥n ubicaci√≥n buena,2018,4,0
497,Buen servicio amables,2018,4,1
498,Feliz,2018,4,1
499,buena ubicaci√≥n mejores vistas z√≥calo,2018,4,1
500,Buen servicio,2018,4,1
501,Excelente servicio,2018,4,1
502,Demasiado bueno,2018,4,1
503,mejor restaurante vista Z√≥calo habitaciones dejan desear sienten viejas escucha ruido habitaciones,2018,4,0
504,P√©simo servicio cliente toda odisea hacer reservaci√≥n,2018,4,0
505,Lugar hist√≥rico men√∫s tem√°ticos cambian cada mes,2018,4,1
506,descuidado,2018,4,0
507,Vale pena comer terraza,2018,4,1
508,,2018,4,1
509,Exelente lugar,2018,4,1
510,Hermosa vista,2018,4,1
511,tipo colonial,2018,4,1
512,wea wna,2018,4,1
513,Falta estacionamiento alg√∫n acuerdo hu√©spedes puedan dejar autos lugar cercano,2018,4,1
514,ubicaci√≥n buena lugar agradable,2018,4,1
515,fin semana opino deber√≠an dejar pedir carta,2017,4,1
516,hu√©spedes dijeron recepci√≥n servicio limpieza podr√≠an mejorar,2017,4,1
517,Ubicaci√≥n restaurante excelentes vistas servicio amable,2018,4,1
518,Buena vista restaurante comida aceptable mejor,2017,4,0
519,hace falta toque hogare√±o,2017,4,1
520,Exelente,2017,4,1
521,bien comida rica servicio bueno,2017,4,1
522,Excelente sitio,2017,4,1
523,Excelente,2017,4,1
524,Lugar hist√≥rico solo falta actualizar pisos ba√±os,2017,4,0
525,Buena atenci√≥n excelente vista plancha Z√≥calo,2017,4,1
526,servicio bueno normal,2017,4,0
527,Excelente,2017,4,1
528,Espantoso recomendable camas horribles ruidosas dicen cama matrimonial dos camas individuales juntas colchones sienten resortes ba√±era drena agua regadera sale poca‚Ä¶,2017,4,0
529,Buen lugar cenar,2017,4,1
530,servicio excelente,2017,4,0
531,Excelente servicio,2017,4,1
532,restaurante terraza horrible,2017,4,0
533,bonito edificio estructura antigua,2017,4,0
534,Incre√≠ble servicios podr√≠a mejorar espacio,2017,4,1
535,Buffet desayuno rico buen servicio,2017,4,1
536,Bueno,2017,4,1
537,excelente gran servicio,2017,4,1
538,avejentado noche cuesta pesos m√≠nimo comida fama ser mala especial buffet,2017,4,0
539,Buena placentera,2017,4,1
540,Incre√≠ble lugar,2017,4,1
541,Excelente servicio,2017,4,1
542,gran servicio excelentes habitaciones,2017,4,1
543,lindo,2017,4,1
544,Bueno,2017,4,1
545,Excelente excelente,2016,4,1
546,restaurante Terraza maravilla,2016,4,1
547,buen lugar caro,2015,4,1
548,Riqu√≠sima comida,2013,4,1
549,Excelente vista plaza palacio nacional,2021,4,1
550,aire acondicionado as√≠ concentres verano octubre buen tiempo vista INCRE√çBLE Z√≥calo Justo lado zona paseo principal Original ac so dont‚Ä¶,2021,3,1
551,Ok agradable prep√°rate estad√≠a antiguo Internet bueno aire acondicionado necesitan toallas mano estacionamiento lugar vayamos bueno‚Ä¶,2021,3,1
552,Maravillosas vistas Z√≥calo Restaurante terraza realmente bueno Personal amable majestuoso edificio Original Wonderful views to Z√≥calo terrace Restaurant is really good Friendly staff and majestic building,2021,3,1
553,mejor casos noche puede salir mal cabezal ducha habitaci√≥n funciona correctamente cortina demasiado corta agua todas partes despu√©s ducha El‚Ä¶,2020,9,1
554,Buen encanto coraz√≥n ciudad M√©xico edificio viejo mantiene bien personal agradable profesional personal buffet necesita tener fundamentos correctos‚Ä¶,2020,4,0
555,I booked room with king and was given corner room with great view of cathedral Friendly staff Great historic,2020,11,0
556,This location is perfect the front lobby opens directly on to one of the main walking and shopping streets and the main square in front of the presidential home the is rustic classic but the location can not be better,2020,12,1
557,It was little noisy because of demonstrators I had great view of the zocalo,2021,3,1
558,retro historia Frente Zocalo vista restaurante piso superior excelente desayuno abierto tiempo relajante t√©rminos sentido‚Ä¶,2018,4,0
559,The is located in the cultural center of the city which is great if you love history The building is old but well maintained It even those turnofthecentury European style elevators that requires an operator to use Pretty‚Ä¶,2020,4,1
560,encantan interiores hist√≥ricos bien mantenido supuesto gente aqu√≠ simplemente fabulosa Ubicaci√≥n perfecta deber√≠a ser Justo medio acci√≥n Simplemente hermosa inspiradora‚Ä¶,2020,4,1
561,Buen buen ambiente enfrenta Zocalo entrada dif√≠cil entender principio balc√≥n habitaci√≥n daba z√≥calo vista buena embargo debido‚Ä¶,2017,4,1
562,I loved the location Right across from zocalo The property was clean the beds comfortable Additionally there was security at all hours which made feel very safe One area of improvement is the walls are paper thin so I could hear‚Ä¶,2020,4,1
563,Kind of the bare essentials at this but it was in great location so we were happy with it Our room was on the th floor I think and so many flights of steps or very slow old elevator the employees manning it were slow to‚Ä¶,2020,5,1
564,Ubicado justo enfrente Palacio Nacional dif√≠cil creer Best Western habitaciones amplias gran sala dormitorio vistas incre√≠bles una‚Ä¶,2018,4,1
565,We love the location on the Zocalo in the heart of the historic Centro of Mexico City We prefer that location to some of the trendier area such as Roma Polanco or Condesa There is better food in Mexico City that at the Terraza at‚Ä¶,2020,4,1
566,lugar agradable permanecer c√©ntrico edificio principios vistas invaluables c√≥modas relajantes ubicadas cerca Vale pena echarle vistazo Original Very‚Ä¶,2020,4,1
567,Hermosa arquitectura llamativa Excelente ubicaci√≥n alojado all√≠ albergue estudiantes puedo decirle informaci√≥n servicio etc modos pr√≥xima‚Ä¶,2018,4,1
568,My husband and I were at this for four days We absolutely loved it The is in the Socalo area in Mexico City It‚Äôs right across from the Mexican flag The colonial style and we loved our balcony bedroom facing the‚Ä¶,2020,4,0
569,Bonito ambiente agradable gran dise√±o interior Original Sz√©p sz√°llodanagyon sz√©p k√∂rnyezetben √©s remek bels≈ë kialak√≠t√°ssal,2019,4,1
570,familia viniendo aqu√≠ toda vida casi a√±os personal siempre cort√©s respetuoso Desafortunadamente termin√≥ hoy amigos Unidos visitaban la‚Ä¶,2020,4,0
571,quedamos aqu√≠ bar nivel superior vista incre√≠ble disfrutar comida mientras com√≠a Original We didn‚Äôt stay here but the bar on the top level had an amazing view to enjoy your meal while eating,2020,4,1
572,Location was everything and having wonderful view of Zocalo was the absolute best,2020,10,1
573,¬°El Majestic excelente ubicaci√≥n Centro Hist√≥rico cerca arquitectura antigua da edificio gran car√°cter qued√© habitaci√≥n sexto piso balc√≥n con‚Ä¶,2020,4,1
574,Great location for touring the historic district Suggest you request room not facing the zolcola It is very noisy late into the night On the other hand you do have the best view ever if you do get one of these rooms,2020,4,1
575,Ubicaci√≥n Ubicaci√≥n Ubicaci√≥n Justo medio hist√≥rica ciudad M√©xico antiguo encanto excelente personal buen desayuno buffet piso superior vista plaza palacio‚Ä¶,2019,4,1
576,Bonito toque espa√±ol buen punto partida central explorar casco antiguo terraza gran vista Z√≥calo locura supuesto situaci√≥n contribuye poco‚Ä¶,2019,4,1
577,Terrible The pictures to advertise this hotels such lie in horrible Condition one thing is Historic other bad conditions Extremely over price what are you getting Staff took over to check in because she didnt know how to‚Ä¶,2020,4,0
578,is located in one of the best attractions which is ZocaloWhat I‚Äôm more disappointed is how the rooms areOne there‚Äôs ac so good luck getting room fan Second the rooms are so out dated and smelledTerrible And third there was literally one guy helping out floor going back and forthI will not return,2020,4,0
579,lugar basurero viejo sucio feo miserables empleados concepto servicio cliente balc√≥n cables sueltos lugar haci√©ndolo peligroso‚Ä¶,2020,4,0
580,Ok camas buenas personal amable desayuno rico embargo particularmente feliz ba√±o viejo gastado Definitivamente vendr√≠a bien cambio imagen estilo‚Ä¶,2020,8,1
581,The Majestic is in an excellent location with th floor view of the Z√≥calo however the service leaves much to be desired The shower water temperature was luke warm the beds were firm and the antique elevator was not in service at am We had to lug our luggage down six floors,2020,4,1
582,vista hacia z√≥calo dice adem√°s hist√≥rico ser hu√©sped puede visitar restaurante Terra Original the view towards the zocalo says it all besides that this is historic and without being guest you can visit the terra restaurant,2019,4,1
583,Please add an extra blanket in the room and also to little tables with lamps on each side of the beds Everything else is great oh one more thing the dinner buffet needs to improve I would be better more authentic Mexican food such as tacos mole flautas pozole tamales flan arroz leche ponche etc Thank you,2020,4,1
584,Access to Poor Dues to protests Not good place for working air condition This was not clearly mentioned during booking Potential customers should know this very clearly Had to breathe smelly air in the night Poor‚Ä¶,2020,4,0
585,Like everyone says you pay for the location is old but everything in that area is pretty old If you want to wake up and be in the center of all the action then this place is for you If youre looking for something more quiet and relaxing than book somewhere else,2020,4,1
586,Nettes mit super Lage Die Ausstattung ist etwas √§lter aber die Zimmer v√∂llig ok und sauber,2020,4,1
587,ubicaci√≥n excelente estructura anticuada encanto vivir lugar hist√≥rico Original posizione √® ottima struttura po datata ma il fascino abitare in luogo storico,2020,4,1
588,It‚Äôs beautiful building in prime location I‚Äôve stayed here many times over the past years and always return,2020,4,1
589,cerca mayor√≠a lugares viaje Servicio amable quedar√° aqu√≠ nuevo correcci√≥n restaurante ¬∞ piso horrible sab√≠a mal realmente quer√≠a darles propinas camarero‚Ä¶,2020,4,0
590,Great location Restaurant great view to the old city,2020,4,1
591,buen Hist√≥rico limpio Situado coraz√≥n ciudad vista habitaci√≥n espectacular catedral palacio nacional hermosos edificios encuentran dentro plaza o‚Ä¶,2019,4,1
592,Personal profesional competente idealmente ubicado Estilo a√±os as√≠ ventajas desventajas viejos Buen desayuno Ruidoso excepto h h Original Personnel professionnel‚Ä¶,2020,4,1
593,Wonderful service Wonderful location The bathrooms need to be remodeled lot of noise from the square,2020,4,1
594,Á´ãÂú∞„Åå„Å®„Å´„Åã„ÅèÊúÄÈ´òÔºÅÈÉ®Â±ã„Åã„Çâ„ÅÆÁú∫„ÇÅ„Å†„Åë„Åß„ÄÅÂÆøÊ≥äÊñôÈáë„ÅÆÂÖÉ„ÅåÂèñ„Çå„Åü„Å®ÊÄù„Åà„Çã„Åª„Å©Á¥†Êô¥„Çâ„Åó„Åã„Å£„Åü„ÄÇ„Åü„Å†Ë®≠ÂÇô„ÅåÂè§„Åè„ÄÅÈö£ÂÆ§„ÅÆ„Éâ„É©„Ç§„É§„Éº„ÅÆÈü≥„ÇÇËÅû„Åì„Åà„Çã„Åè„Çâ„ÅÑÈò≤Èü≥ÊÄß„ÅØÁÑ°„Åè„ÄÅ„Åù„ÅÆ‰ªñÈ¢®ÂëÇ„ÅåÊ±ö„Çå„Å¶„ÅÑ„Åü„Çä„Çø„Ç™„É´„Åå„Éú„É≠„Éú„É≠„Å™„ÅÆ„ÅåÊ∞ó„Å´„Å™„Å£„Åü„ÄÇÈÄ£Ê≥ä„ÅØËæõ„ÅÑ„Åå„ÄÅÊ≥äÁ®ãÂ∫¶„Å™„Çâ„Åä„Åô„Åô„ÇÅ„Åó„Åæ„Åô„ÄÇ,2020,4,0
595,hermoso construido d√©cada encuentra justo z√≥calo habitaci√≥n sexto piso daba z√≥calo habitaci√≥n espaciosa confortable √∫nica queja‚Ä¶,2019,4,1
596,antigua arquitectura magn√≠ficas vistas zona z√≥calo impresionante servicio restaurante s√©ptimo piso mejor vista ciudad Original Very old architecture great view of the zocalo area awsome service the restaurant on the th floor is the best view in town,2018,4,1
597,Disfrutamos estancia Ubicado parte central ciudad F√°cil paseo ciudad Buen valor dinero √∫nico inconveniente aire acondicionado ventiladores‚Ä¶,2020,4,0
598,Bonito centro antiguo mexico Ubicaci√≥n perfecta cuidado tarjeta cr√©dito restaurante planta superior encuentra ubicaci√≥n perfecta normal juegan‚Ä¶,2020,4,0
599,ubicaci√≥n absolutamente perfecta Obtenga habitaci√≥n balc√≥n podr√° ver salida sol plaza central Palacio d√≠as comida excelente bar divertido pasar el‚Ä¶,2019,4,1
600,Excelente ubicaci√≥n minutos taxi aeropuerto personal agradable calefacci√≥n ducha agua caliente invierno aloj√© diciembre edificio hermoso‚Ä¶,2020,4,0
601,Excelente servicio antiguo hist√≥rico encuentra interesante zona hist√≥rica ciudad M√©xico lugar conveniente gran vista z√≥calo aunque ruidoso El‚Ä¶,2020,4,1
602,¬°¬°Horrible experiencia quedo mientras escribo cr√≠tica aire acondicionado habitaci√≥n ventiladores si abres ventana aire entrar√°n toneladas de‚Ä¶,2020,4,0
603,Property location is incredible especially for the very reasonable price There are fancy or hotels but this one sure is wonderful place to stay The restaurant on top is joy with beautiful view over the square,2019,4,1
604,buen precio embargo obtienes pagas Si quieres paz tranquilidad lugar Debido edificio antiguo ac√∫stica edificio presta amplificar el‚Ä¶,2020,4,0
605,The lobby is beautiful as well as the view and upstairs bar The room was not very pleasant rather rundown The bathroom was in poor condition paint peeling away on tub shower rod pulling away from wall etc deceptive presentation online one would expect much nicer room based on what is presented online,2020,4,0
606,Frente calle Francisco I Madero ubicado justo lado Plaza Central Catedral Metropolitana ubicaci√≥n indiscutible calle Francisco I Madero animada noche gran‚Ä¶,2017,4,1
607,tr√®s ancien non r√©cemment r√©nov√© Tr√®s bruyant car anciennes fen√™tres donnant sur place principale elle m√™me tr√®s bruyante manifestations pr√™cheur sonoris√© Bruits conversations depuis chambres voisines via salles bains et bruits du personnel d√®s heures du matin dans couloirs,2019,4,0
608,gran ubicaci√≥n incre√≠ble habitaci√≥n daba plaza pod√≠a ser mejor supuesto celebraciones Copa Mundo hicieron ruidoso de‚Ä¶,2019,4,1
609,buen centro Original Molt bon centre,2020,4,1
610,Beste Lage mit wundersch√∂ner Terasse und klasse AmbienteZimmer innen und au√üenliegendInnen ruhiger aber keine Aussicht au√üen sch√∂ne Aussicht daf√ºr aber Glockenklang viertelst√ºndlich Das muss man m√∂gen Obwohl die Fenster d√ºnn und nicht‚Ä¶,2016,4,1
611,c√©ntrico vistas Hammer terraza restaurante precios aceptables desayuno absolutamente recomendable exitosa mezcla desayuno intercontinental t√≠pico mexicano Tambi√©n‚Ä¶,2019,4,1
612,encant√≥ Original Loved it,2021,1,1
613,Hermoso edificio hist√≥rico azulejos vistas incre√≠bles terraza ubicaci√≥n fant√°stica justo plaza principal desayuno bueno pude acceder red WiFi recepci√≥n no‚Ä¶,2020,4,1
614,gran vista z√≥calo gran terraza desayunar gran servicio checkin as√≠ servicio equipaje muchas gracias nuevo Saul Caf√© agua habitaci√≥n complementaria No‚Ä¶,2020,4,1
615,Fabuloso antiguo coraz√≥n absoluto ciudad M√©xico desgastado a√∫n gracioso Si interesa arquitectura cultura historia car√°cter suavidad tus‚Ä¶,2017,4,1
616,Visitamos restaurante piso superior personas comiendo alrededor asientos abiertos incluidas mesas junto ventana gran vista Plaza negaron dejarnos personas‚Ä¶,2018,4,0
617,Excelentes vistas restaurante Buena comida buffet Original Excellent views from the restaurant OK food with the buffet,2017,4,1
618,Gem√ºtliches im KononialStil mitten im Zentrum der historischen Altstadt von MexicoCity Hervorragende Einkaufsm√∂glichkeiten sowie Restaurants Caf√©s und Bars in unmittelbarer Umgebung fussl√§ufig erreichbar Einziger Minuspunkt bei‚Ä¶,2018,4,1
619,cucarachas habitaci√≥n colegas trataron meterse maletas cerradas maletas desbloqueadas rebuscaron toallas habitaciones conductor televisi√≥n camas‚Ä¶,2019,4,0
620,clean and spacious with history nice breakfast at balcony the square bit noisy at night,2019,4,1
621,Der Strassel√§rm war sehr laut Die Fenster haben leider nichts ged√§mpft,2020,4,0
622,bonito inmaculado original hermosa construcci√≥n contempor√°nea restaurante s√©ptimo piso vista impresionante cada ma√±ana puede presenciar ascenso bandera mexicana banda m√∫sica‚Ä¶,2020,4,1
623,die einmalig guenstige Lage und die Ausstattung des Hotelswunderschoene alte Moebel Jugendstil fensterAzulejos anden WaendenKeramikfussboedengrosse ZimmerBlumen bouquets in der HotelhalleDachterrasse mit tollem Blick auf den Zocalosehr freundliches hilfsbereites PersonalWuerde sofort wieder hinfahren,2019,4,1
624,H√¥tel bien situ√© au centre ville historique avec certain charme colonial mais peu vieillot disons peu triste salle bains franchement vieillotteLe restaurant sur terrasse avec vue sur Zocalo est tr√®s agr√©able et on‚Ä¶,2019,4,0
625,The rooms Can use little bit of TLC I know it‚Äôs an old building but It doesn‚Äôt need some care specially on the floor in the bathrooms there‚Äôs also There is Air conditioning in the rooms,2020,4,1
626,Teilweise etwas dreckig und staubig Etwas altbackene ausstattung und dekoration Aber sehr hilfsbereites und √ºberaus freundliches personal,2020,4,1
627,Cenamos restaurante piso superior vistas incre√≠bles mejor lugar ver plaza p√∫blica opini√≥n Puedes ver antigua catedral edificios gubernamentales puedo comentar sobre‚Ä¶,2018,4,1
628,If the guest pm checkin or earlier due to agency assignment immediately notify management of this fact Otherwise you will have to wait until their normal checkin which is pm or when room becomes available,2020,4,1
629,estancia corta pas√© bien duda volver√© Bonita clara impresionante vista z√≥calo recomendable Original My stay was short but I had great time at this I will definitely come back Nice clear and awesome view to the Zocalo Highly recommended,2019,4,1
630,Fant√°stico personal amable limpio camas c√≥modas precio razonable aire acondicionado nevera Original Great friendly staff clean comfortable beds and reasonable price But air conditioning and refrigerator,2020,4,1
631,principio decepcion√≥ Edificio a√±os aire acondicionado incluso si CA necesitado habitaci√≥n gran vista palacio nacional z√≥calo‚Ä¶,2019,4,1
632,When I arrived to the my room is not ready because some person get my room and they moved to another room with not viewable to the Z√≥calo esplanade or stret view,2020,4,0
633,¬°Ubicaci√≥n recomendable proximidad plaza ciudad vistas habitaciones suite esquina segundo piso vistas surrealistas Catedral vistas el‚Ä¶,2018,4,1
634,sitio perfecto cerrados lugares queremos ver restaurantes zona poca distancia pie personal profesional Deseamos habitaci√≥n aire acondicionado menos un‚Ä¶,2018,4,1
635,Habitaci√≥n vista Z√≥calo sue√±o Buena ubicaci√≥n precio rendimiento correctos Original Zimmer mit Blick auf den Zocalo Ein Traum Tolle Lage Preis und Leistung stimmen,2019,4,1
636,mejor recomendaci√≥n estancia Ciudad M√©xico mejor ubicaci√≥n coraz√≥n ciudad vista terraza azotea restaurante bar inmejorable Ambiente colonial‚Ä¶,2018,4,1
637,horrible recomendar√≠a nadie personal mayormente horrible excepto realmente agradables cama si existiera dif√≠cil piso No‚Ä¶,2020,4,0
638,alojamos aqu√≠ aproximadamente d√≠as ¬°realmente excelente ubicaci√≥n habitaci√≥n dentro edificio luego pedimos cambi√°ramos lado Z√≥calo personal cambi√≥ r√°pidamente sin‚Ä¶,2016,4,1
639,esposa visitamos recientemente Ciudad M√©xico encontramos Best Western ubicado cerca famosa Catedral paseo nocturno Comentamos estancia nuestra‚Ä¶,2019,4,0
640,I am very happy with my reservation I have wonderful view to Z√≥calo explan√©d tank you to all staff for the courtesy,2019,4,1
641,Agradable buffet bueno vista estupenda Original Nice and the buffet is good but the view is great,2020,4,1
642,like I said gorgeous especially being historic but one condition it lacks refrigerator and air condition since being diabetic my insulin needs to be cold and it was nusence of going to the restaurant every time for ice and‚Ä¶,2016,4,0
643,Excelente ubicacion Buen precio Limpio Temperatura ambiente cercana exterior Interior necesita renovaci√≥n Original Excelente localiza√ß√£o Bom pre√ßo Limpo Temperatura ambiente bem pr√≥ximo do exterior Interior precisando renova√ß√£o,2019,4,0
644,antiguo edificio hist√≥rico encanto restaurante mejores vistas ciudad Original Very old historical building with lots of charm The restaurant some if the best views in town,2019,4,1
645,Fant√°stica ubicaci√≥n restaurante azotea mejor mejor Original Fantasticooo location and the Restaurant on the roof the best of the best,2020,4,1
646,quedamos aqu√≠ quedamos impresionados belleza edificio incre√≠ble artesan√≠a Original We did not stay here but were very impressed with the beauty of the building and the amazing craftsmanship,2020,4,1
647,¬°Maravilloso aut√©ntica vibra mexicana Incre√≠ble ubicaci√≥n Original Gorgeous Very authentic Mexican vibe Amazing location,2019,4,1
648,Dieses liegt direkt am z√≥calo also mitten in der Altstadt W√§hrend tags√ºber rundherum √§u√üerst belebt ist legt sich der Verkehr abends etwas und wird f√ºr mex Verh√§ltnisse ruhig genug um schlafen zu k√∂nnen Von der‚Ä¶,2009,4,1
649,ubicaci√≥n buena escena gastron√≥mica piso superior buena solo buffet sirve noche tipos dif√≠cil comer Original È£ØÂ∫óÁöÑ‰ΩçÁΩÆÂæàÂ•ΩÔºåÈ†ÇÊ®ìÈ§êÊôØËßÄÂæàÂ•ΩÔºåÊôö‰∏äÂè™Êúâ‰æõÊáâËá™Âä©È§êÔºåÁ®ÆÈ°û‰∏çÂ§öÔºåÂæàÈõ£ÂêÉ„ÄÇ,2019,4,1
650,Precioso antiguo Si quieres comodidades modernas ve lado Ubicado centro significa fiesta prolonga toda noche ventana Original Beutiful old If you want‚Ä¶,2018,4,0
651,Das Mejestic in Mexico City liegt direkt im Zentrum am Zocalo mit atemberaubenden Blick auf die Kathedrale Das Restaurant auf der Dachterasse bietet ein sch√∂nes Ambiente und einen sehr sch√∂nen AusblickDas Fr√ºhst√ºck ist gut und das‚Ä¶,2012,4,0
652,Buena ubicaci√≥n Personal amable excelente precio ubicaci√≥n c√©ntrica Gran restaurante vistas z√≥calo Original Great location Friendly staff great price for centrally located Great restaurant overlooking the Zocalo,2019,4,1
653,We stayed here for nights last summer and just made reservations for another stay this year The location is amazing and the view of the Zocolo and its constant activity was incredible We had read review about the noise so we‚Ä¶,2008,4,0
654,fant√°stica ubicaci√≥n maravilloso restaurante estilo patrimonial cerca animada plaza central Original fantastic location with wonderful restaurant heritage style with close proximity to lively central plaza,2019,4,1
655,Viejo mal inodoro funcionaba toallas manchadas cama horrible Olor humedad Podr√≠a ser gran si ponen mont√≥n dinero edificio hermosa estructura‚Ä¶,2018,4,0
656,Very average room was very basic Location good Restaurant was average Food basic Presence on street non existent,2018,4,0
657,Comet√≠ error usar lugar larga escala llegada tarde noche pudo reservar trav√©s sitio web terceros debido hora madrugada as√≠ puse trabajar‚Ä¶,2018,4,0
658,ubicaci√≥n incre√≠ble justo centro distrito hist√≥rico personal cort√©s embargo experiencia vio afectada construcci√≥n llev√≥ cabo am pm La‚Ä¶,2017,4,0
659,habitaci√≥n servicio servicio restaurante fant√°stico Realmente disfrute duda volver√© Original The room service and also the restaurant service was fantastic I really enjoyed it I will definitely be going back,2018,4,1
660,√∫nico bueno centro ciudad habitaciones normales demasiado caras Original The only good thing its youre in the center of the city too expensive normal rooms,2020,4,0
661,estilo colonial Funcional excelente ubicaci√≥n Dependiendo habitaci√≥n puede tener vista impresionante Debido ubicaci√≥n privilegiada puede ser ruidoso noche‚Ä¶,2018,4,1
662,The Majestic aint bad but not worth the money The first room they put us in was in the back tiny rundown and REALLY not worth the money I complained and we were moved into much nicer room up front But the Catedral just a‚Ä¶,2011,4,0
663,Hermoso hist√≥rico centro ambiente incre√≠ble cucarachas habitaci√≥n Original Kr√°sn√Ω historick√Ω v centru √∫≈æasn√° atmosf√©ra ale na pokoji jsme mƒõli ≈°v√°by,2019,4,0
664,Dunkles Zimmer ohne Aussicht Muffig Lichtblick ist der alte Jh Stil und die sch√∂ne Terasse zb zum Fr√ºhst√ºck Aber am Nachmittag als wir nochmal einen schnelle Kaffee trinken wollten vor der Abreise wurden wir von Personal schon wieder‚Ä¶,2015,4,0
665,Excelente servicio Excelente personal excelente ubicaci√≥n Limpio fant√°stico edificio hist√≥rico cama dura Ligera fuga fontaner√≠a ba√±o quedar√° nuevo Original Excellent service‚Ä¶,2016,4,1
666,Limpio c√≥modo seguro Excelente personal atento atento excelente restaurante azotea vista √∫nica Z√≥calo Obt√©n habitaci√≥n vista Z√≥calo Palacio Nacional Catedral Nacional A‚Ä¶,2019,4,1
667,Excelente posici√≥n todav√≠a conductor ascensor excelentes vistas desayuno excelente ubicaci√≥n Original Great position still an elevator driver great views at breakfast and great location,2019,4,0
668,encanta restaurante vista Zocalon Ciudad M√©xico mejor Original Love the restaurang with the view √∂ver Zocalon Mexico City when its best,2019,4,1
669,personal amable Si gusta tranquilidad pide habitaci√≥n interior d√© Zocalo avenida principal Original Very friendly staff If you like quiet though ask for an interior room not facing Zocalo or main avenue,2019,4,1
670,Pregunt√© recepci√≥n d√≥nde conseguir taxi ofreci√≥ llamar dijo misma tarifa calle VERDAD triple precio ¬°¬°¬°¬°√âtica Original Asked front desk where‚Ä¶,2020,4,0
671,Excelente ubicaci√≥n vista incre√≠ble estilo cl√°sico lujo experiencia vale pena Original Great location amazing view classic style not luxury but the experience worth it,2018,4,1
672,recomiendo si alojas M√©xico ciudad gerente Ayala grosero habilidad servicio cliente Original I dont suggest this if you do stay in Mexico city the manager Ayala is rude and skill of customer service,2020,4,0
673,We stayed here for nights is on Zocolo Square very noisy We couldnt leave windows open at night due to the noise and there is air conditioning We awoke the first morning covered in bed bug bites Staff in the bar was‚Ä¶,2008,4,0
674,The location is great staff was just ok,2019,4,0
675,Lindo Ubicado zocalo edificio a√±os habitaciones bonitas desayuno azotea bueno Original Nice Located at the Zocalo The buildig is about years old The rooms are nice Breakfast on the rooftop is amauong,2019,4,1
676,lugar favorito hospedarme Zocalo Capitolino Original My favorite place to stay at Zocalo Capitolino,2019,4,1
677,old great location even some rooms where updated still feels old nice man operated elevator nice roof restaurant,2018,4,0
678,Buena vista sistema aire acondicionado servicio cliente bien Original Good view but AC system üëéüèº Customer service was okay,2018,4,0
679,as far as locationthis cant be beat if you stay on room facing the zocalowhich they cant guarantee you will receive til you get thereyou get the best view of the zocalo directly across the national palace and across the way‚Ä¶,2009,4,0
680,The have excellent service I am very satisfied with my stay I definitely recommend this,2017,4,1
681,Gamble Raki ajustes encuentran centro Tener cuenta transporte bolsas Original ŸÅŸÜÿØŸÇ ÿ¨ŸÖÿ®ŸÑ Ÿàÿ±ÿßŸÇŸä ŸäŸÇÿπ ÿßŸÑÿ∂ÿ®ÿ∑ ŸÅŸä ÿßŸÑŸÖÿ±ŸÉÿ≤ ÿßŸÑÿßÿÆÿ∞ ÿ®ÿßŸÑÿ≠ÿ≥ÿ®ÿßŸÜ ŸÜŸÇŸÑ ÿßŸÑÿ¥ŸÜÿ∑,2018,4,1
682,detalles cuidadosos mejor fotos sabor vista restaurante incre√≠ble Original Everithing details are si much carefull the best is the fotos the flavor the view from the restaurant its amazing,2018,4,1
683,Wir waren sehr mit dem zufrieden was wir f√ºr unser Geld bekommen haben Sauberes in sehr sch√∂nem alten Geb√§uden Die Angestellten sprechen sogar teilweise Englisch nicht √ºblich f√ºr MexikoStadt und Umgebung,2012,4,1
684,Hotellet var charmigt men ganska slitet H√§r bor man f√∂r att l√§get √§r s√• bra,2016,4,0
685,Gran servicio precioso deliciosa comida Ohhh vista incre√≠ble Original Great service gorgeous and delicious food Ohhh the view is amazing,2017,4,1
686,ubicaci√≥n excelente lado Z√≥calo habitaciones limpias sencillas servicio regular Original The location its excellent its next to the Z√≥calo The rooms are clean but simple The service its regular,2017,4,0
687,Absolutamente genial Gran ubicaci√≥n Gran ambiente Original Absolut spitze Superlage Tolles Ambiente,2018,4,1
688,Der ConciergeBell Boy Service war au√üerordentlich freundlich und sehr hilfreichDas Fr√ºhst√ºck war nicht mehr als durchschnittlichDie Zimmer k√∂nnten in einem besseren Zustand seinDie Lage des Hotels entsch√§digt f√ºr einige der Defizite,2011,4,1
689,propiedad hermosa igual vistas habitaciones dan plaza ten cuidado menos disfrutes despierte cuerpo tambores cornetas militares am las‚Ä¶,2019,4,0
690,ubicaci√≥n inmejorable centro ciudad M√©xico cerca Plaza Constituci√≥n poca distancia pie muchas atracciones importantes adem√°s cuenta maravillosa terraza se‚Ä¶,2017,4,1
691,Super Nice staff super location safe clean historical beautiful Loved it,2018,4,1
692,mejores ubicaciones hospedarse ciudad M√©xico Realty Good servicio excepcional Original One of the best locations to stay in mexico city realty good and the service exceptional,2019,4,1
693,Bonito antiguo z√≥calo Seg√∫n norma Original sch√∂nes altes am zocalo dem standard entsprechend,2019,4,1
694,Genial Fant√°stica arquitectura ubicaci√≥n incre√≠ble Original Excelente Fant√°stica arquitetura localiza√ß√£o incr√≠vel,2019,4,1
695,encanta Original Love it,2019,4,1
696,Der Standort des Hotels ist optimal Direkt am Zocalo Ein sehr sch√∂nes altes kolonialistisch gebautes Leider sind die Zimmer stark renovierungsbed√ºrftig,2013,4,1
697,mejor ubicados ciudad M√©xico coraz√≥n coraz√≥n ciudad Ofrece puede esperar cadena hotelera habitaciones limpias agradables confortables Original One of‚Ä¶,2017,4,1
698,propiedad ideal experimentar sabor antigua Ciudad M√©xico propiedad hist√≥rica ahora cumple a√±os ubicaci√≥n puede ser mejorada visita primera vez ciudad‚Ä¶,2018,4,1
699,realmente agradable ubicado justo centro hist√≥rico si auto encontrar√°s estacionamiento cerca Original It was really nice located right in the historic downtown but if you got car you wont find parking lot close to it,2017,4,1
700,encant√≥ lugar Original I loved everything about this place,2020,4,0
701,C gran vista Z√≥calo metro accesible Original AC great view of the Zocalo and accessible metro,2018,4,1
702,Excelente ubicaci√≥n habitaciones renovadas embargo serio problema cucarachas limpieza general lugar Aunque nunca us√© m√°quina caf√© llena agua Si listo ver‚Ä¶,2019,4,0
703,Buen lugar comida mala cara servicio bueno Original Nice place the food is bad and expensive the service is very good,2019,4,1
704,estancia buena Original The Stay was very Goodüòçüòç,2017,4,1
705,Excelentes servicios lugar hist√≥rico cerca Original Excelent services and place historic place and close to the everything,2019,4,1
706,gusta general justo plaza z√≥calo solo minutos caminando hacia palacio Vella numerosos lugares comer templo mayor catedral iglesias peque√±as‚Ä¶,2017,4,1
707,Buena comida precios malos vista terraza √∫nica Original Good food and prices not too bad but the terrace view is one of kind,2017,4,1
708,Excelente ubicaci√≥n buenos huesos necesita renovaci√≥n importante Mala presi√≥n agua camas duras servicio escritorio relajado Original Great location and good bones but needs major renovation Poor water pressure hard beds and lax desk service,2017,4,0
709,restaurante parte superior apuesta segura experimentar excelente comida mexicana Original The restaurant in the top of the is safe bet to experience great Mexican food,2017,4,1
710,Hen primera vez primer d√≠a correo electr√≥nico solo quer√≠an quedaran unas horas poder ser buen d√≠a momento Original Hen and I am not the first time to the first day of this email and just wanted few hours to be able at your time to be good day,2015,4,1
711,Encantador vieja escuela excelente ubicaci√≥n Original Lovely oldschool in great location,2019,4,1
712,Justo lugar correcto restaurante azotea Original Just the right place and with rooftop restaurant,2014,4,1
713,¬°Encantador Encanto viejo mundo camas peque√±as gran servicio justo plaza Original Lovely Old world charmsmall bedsgreat serviceright on the square,2018,4,1
714,Incre√≠ble vista servicio Original Amazing view and service,2017,4,1
715,It was nightmare my very first night They are not respectful people For any reason They work on top of my room till midnight And start again at am I was very upset,2018,4,0
716,Super Lage sichere Gegend die kleinen angestellten geben sich M√ºhe und sind super die h√∂heren naja,2016,4,0
717,Buena ubicaci√≥n Desayuna restaurante vista zocalo Original Great location Have breakfast at the restaurant with view Zocalo,2017,4,1
718,quedamos contentos personal servicial amable Original We were happy with the and the staff was very helpful and friendly,2018,4,1
719,Buena comida buena vista desayuno buffet camino seguir Original Good food and great view Breakfast buffet is the way to go,2018,4,1
720,bueno limpio justo centro ciudad M√©xico frente edificio gobierno Original Sehr gutes und sauberes mitten im Zentrum der Stadt Mexico gegen√ºber des Regierungsgeb√§udes,2019,4,1
721,Best Western Majestic Original best western majestic,2019,4,1
722,Contamos habitaci√≥n balc√≥n vista Catedral Metropolitana quedaremos aqu√≠ d√≠as ¬°para podamos recorrer sitios Ciudad M√©xico Antiguo esperado a√±os‚Ä¶,2017,4,1
723,Ubicaci√≥n estrat√©gica centro ciudad Original Posizione strategica nel centro della citt√†,2019,4,0
724,Sehr hilfsbereites freundliches Personal an der Rezeption Dienstleistungsbewusstsein in Restaurant auf Dachterrasse bescheiden Zimmer sind ringh√∂rig und renovationsbed√ºftig Lage super,2015,4,1
725,bar vista incre√≠ble mucha gente bebidas demasiado caras Original The bar an amazing view not too crowded and drinks arent too expensive,2017,4,1
726,encant√≥ justo quiero vista incre√≠ble Original I loved this just where I wanna be with an amazing view,2019,4,1
727,Niza vista central zocalo Original Nice central view over Zocalo,2020,4,0
728,¬°Por precio razonable obtienes vista espectacular Z√≥calo joya escondida Original For reasonable price you get spectacular view of The Zocalo hidden gem,2017,4,1
729,mejor zona hist√≥rica zocalo Original Best in Historic area in Zocalo,2019,4,1
730,Excelente Original Ecelente,2020,4,1
731,Razonablemente ba√±era tapada Original Razo√°vel banheira ficava entupida,2020,4,0
732,Bonito habitaciones antiguas ruidosas Original Nice but very old rooms and noisy,2020,4,0
733,Buen servicio c√©ntrico Original Centralt beliggende god service,2017,4,1
734,Excelente Original Exellent,2020,4,1
735,Eine Besonderheit ist das gute DachRestaurant das einen grossartigen PanoramaBlick auf den Hauptplatz der Stadt gew√§hrt Zu Fuss ist man in k√ºrzester Zeit bei interessanten Punkten,2011,4,0
736,Bien ubicado Original Well located,2020,4,1
737,mejor Original the best,2020,4,1
738,peor restauraci√≥n Original That was worst restore,2020,4,0
739,Great service beautiful view,2020,4,1
740,Maravillosa ubicaci√≥n buen Original Wonderful location good,2020,4,1
741,Lindo Original Nice,2019,4,1
742,Siempre gran estancia Original Always great stay,2019,4,1
743,Fechado posici√≥n estrat√©gica Original Datato ma in posizione strategica,2019,4,1
744,Gran lugar Original Great place,2019,4,1
745,bien Original Its ok,2019,4,1
746,buen Original Is Good,2019,4,1
747,caliente aire acondicionado fuerte Original Very hot and AC And very loud,2018,4,0
748,Brunch aqu√≠ vista z√≥calo esperes calidad incre√≠ble Original having brunch here for the view over zocalo dont expect amazing quality,2015,4,0
749,bien bien Original good good,2018,4,1
750,Mejor lugar Original Best place,2018,4,1
751,Regresar√≠a nuevo calor toallas ayudar√≠an Original I would got back again but more heat and towels would help,2018,4,0
752,Regular Original Regular,2018,4,0
753,OK Original Ok,2018,4,0
754,buen bar Original Its good bar,2018,4,1
755,oh it is the best in Mexico City,2018,4,0
756,ubicaci√≥n excelente habitaciones aire acondicionado necesit√°bamos √©poca a√±o noches agradables frescas caja fuerte habitaci√≥n rota‚Ä¶,2018,4,0
757,hermoso colonial tradicional coraz√≥n ciudad M√©xico Original beautiful colonial traditional in the heart of Mexico city,2018,4,1
758,Original Io,2017,4,1
759,Vistas ubicaci√≥n habitaci√≥n limpia buen tama√±o Original Views location clean good sized room,2017,4,1
760,Excelente agradable bonito Original Excellent very nice very nice,2017,4,1
761,s√∫per Original Super,2017,4,1
762,¬°Vista asombrosa Original Awesome View,2017,4,1
763,¬°¬°¬°Es genial Original Its great,2017,4,1
764,gusto Original jaiime bien,2017,4,1
765,bar restaurante azotea merece visita Original The rooftop bar resturant is worth visit,2016,4,1
766,Lugar barato unas copas Original Cheap place for few drinks,2017,4,1
767,encanta Original I love it,2017,4,1
768,Bien Original Bien,2017,4,1
769,bebidas deliciosas caras Original The drinks are delicius but some expensive,2017,4,1
770,Gran lugar Original Great place,2017,4,1
771,estupendo Original great,2017,4,1
772,Excelente cena gran vista restaurante Original Excellent dinner and great sight from the restaurant,2017,4,1
773,C Original C,2017,4,1
774,Tan incre√≠ble Original So amazing,2017,4,1
775,HERMOSA Original LINDOS,2017,4,1
776,Exquisito Original Exquisite,2015,4,1
777,Ta culey Original Ta culey,2015,4,0
778,Tom√© copa restaurante azotea caf√© sab√≠a agua incluso despu√©s pedir cambio Original Had drink at the roof top restaurant The coffee tasted like water even after requesting for change,2014,4,0
779,Der Service ist sehr antiquiert obwohl auf der RestaurantTerrasse zum Zocalo kaum Tische besetzt waren mu√üten wir in der Bar in einer Seitenstra√üe Platz nehmenDas Personal spricht und versteht teilweise schlecht Englisch,2011,4,1
